Number of Elements (n)	 Time (sec) 
10	8e-08
100	2.4e-07
1000	2.03e-06
10000	2.418e-05
100000	0.00024453
1000000	0.00227399
10000000	0.019404
